{
	"doors": [
		{ "x": 4270, "y": 1750, "key": 1 },
		{ "x": 4880, "y": 1785, "key": 2 },
		{ "x": 2660, "y": 1015, "key": 4 },
		{ "x": 2345, "y": 2380, "key": 8 },
		{ "x": 2782, "y": 3710, "key": 12 },
		{ "x": 8400, "y": 2345, "key": 13 },
		{ "x": 7140, "y": 3465, "key": 15 },
		{ "x": 8155, "y": 3780, "key": 16 },
		{ "x": 8680, "y": 4375, "key": 17 },
		{ "x": 9345, "y": 3465, "key": 17 },
		{ "x": 8750, "y": 2065, "key": 18 }
	],
	"buttons": [
		{ "x": 4769, "y": 1995, "key": 1, "toggle": true, "bounceTime": 50 },
		{ "x": 1834, "y": 1505, "key": 3, "toggle": false, "bounceTime": 50 },
		{ "x": 1943, "y": 700, "key": 4, "toggle": false, "bounceTime": 50 },
		{ "x": 5045, "y": 3115, "key": 11, "toggle": true, "bounceTime": 50 },
		{ "x": 2945, "y": 3815, "key": 12, "toggle": false, "bounceTime": 50 },
		{ "x": 7626, "y": 3465, "key": 15, "toggle": false, "bounceTime": 50 },
		{ "x": 7954, "y": 4070, "key": 16, "toggle": false, "bounceTime": 50 },
		{ "x": 7301, "y": 4480, "key": 17, "toggle": false, "bounceTime": 50 }
	],
	"areas": [
		{
			"x": 3746,
			"y": 2561,
			"w": 72,
			"h": 67,
			"key": 5,
			"multiUse": false,
			"regenTime": 180
		},
		{
			"x": 3345,
			"y": 2625,
			"w": 83,
			"h": 67,
			"key": 6,
			"multiUse": false,
			"regenTime": 180
		},
		{
			"x": 3045,
			"y": 2121,
			"w": 33,
			"h": 118,
			"key": 7,
			"multiUse": false,
			"regenTime": 180
		},
		{
			"x": 2204,
			"y": 2277,
			"w": 44,
			"h": 207,
			"key": 9,
			"multiUse": false,
			"regenTime": 180
		},
		{
			"x": 8732,
			"y": 2352,
			"w": 35,
			"h": 169,
			"key": 14,
			"multiUse": false,
			"regenTime": 180
		},
		{
			"x": 10163,
			"y": 1438,
			"w": 362,
			"h": 63,
			"key": 19,
			"multiUse": true,
			"regenTime": 2000
		}
	],
	"quotas": [
		{ "x": 8257, "y": 2337, "w": 143, "h": 112, "key": 13, "amount": 10 },
		{ "x": 8627, "y": 2060, "w": 120, "h": 112, "key": 18, "amount": 6 }
	]
}
