{"movingStructures":
    [
        {"struct":0, "velocity":[0, -1], "position":[1610, 1610], "tag":3, "disableKeyAtCollision":false},
        {"struct":2, "velocity":[0, -2], "position":[3747, 2624], "tag":5, "disableKeyAtCollision":true},
        {"struct":3, "velocity":[0, -2], "position":[3325, 2625], "tag":6, "disableKeyAtCollision":false},
        {"struct":2, "velocity":[1, 0], "position":[2940, 2555], "tag":7, "disableKeyAtCollision":true},
        {"struct":5, "velocity":[0, -1], "position":[5110, 2135], "tag":10, "disableKeyAtCollision":true},
        {"struct":6, "velocity":[0, -1], "position":[5110, 3010], "tag":11, "disableKeyAtCollision":true},
        {"struct":7, "velocity":[1, 0], "position":[2240, 3115], "tag":0, "disableKeyAtCollision":false},
        {"struct":8, "velocity":[0, -2], "position":[2660, 4200], "tag":12, "disableKeyAtCollision":false},
        {"struct":7, "velocity":[-1, 0], "position":[3010, 3080], "tag":12, "disableKeyAtCollision":false},
        {"struct":2, "velocity":[1, 0], "position":[8155, 2170], "tag":0, "disableKeyAtCollision":false},
        {"struct":7, "velocity":[0, 3], "position":[8820, 2345], "tag":14, "disableKeyAtCollision":false},
        {"struct":9, "velocity":[0, -2], "position":[8820, 4375], "tag":17, "disableKeyAtCollision":false},
        {"struct":2, "velocity":[0, -2], "position":[8120, 2450], "tag":17, "disableKeyAtCollision":false},
        {"struct":2, "velocity":[2, 0], "position":[9485, 1890], "tag":0, "disableKeyAtCollision":false},
        {"struct":8, "velocity":[3, 0], "position":[8750, 1505], "tag":0, "disableKeyAtCollision":false},
        {"struct":10, "velocity":[0, -2], "position":[10115, 1505], "tag":19, "disableKeyAtCollision":true}

    ]
}