{
	"tooltips": [
		{
			"text": "This is a tooltip, they will give you vital information",
			"x": 5185,
			"y": 1085
		},
		{
			"text": "These are checkpoints, when you die you will respawn at one",
			"x": 5980,
			"y": 1085
		},
		{ "text": "Try and collect as many gems as you can", "x": 6544, "y": 1085 },
		{
			"text": "Bats are common around these caves, you can jump on them",
			"x": 6776,
			"y": 1400
		},
		{
			"text": "This looks like a portal of some sort, I wonder if there is anyway to power it",
			"x": 6089,
			"y": 2170
		},
		{
			"text": "\"Mechanics note: Make sure to reactivate generator every few months, they tend to shut off\"",
			"x": 2188,
			"y": 1120
		},
		{
			"text": "\"Mechanics note: Make sure to reactivate generator every few months, they tend to shut off\"",
			"x": 1773,
			"y": 2415
		},
		{
			"text": "              Press ESCAPE to pause game              ",
			"x": 5460,
			"y": 2135
		},
		{ "text": "    use ARROW KEYS to move    ", "x": 5000, "y": 1065 }
	]
}
